developer-agreement,developer-agreement-type,document-url,end-date,entry-date,organisation,planning-application,start-date,slug
P/00044/18-1,section-106,https://www.iow.gov.uk/PlanningObligations/Download.ashx?type=Document&id=30649,,2018-05-09,local-authority-eng:IOW,P/00044/18,2018-05-09,/developer-agreement/local-authority-eng/IOW/P-00044-18-1
P/00053/18-1,section-106,https://www.iow.gov.uk/PlanningObligations/Download.ashx?type=Document&id=37815,,2018-05-15,local-authority-eng:IOW,P/00053/18,2018-05-15,/developer-agreement/local-authority-eng/IOW/P-00053-18-1
P/00107/19-1,section-106,https://www.iow.gov.uk/PlanningObligations/Download.ashx?type=Document&id=29016,,2008-05-23,local-authority-eng:IOW,P/00107/19,2008-05-23,/developer-agreement/local-authority-eng/IOW/P-00107-19-1
P/00156/19-1,section-106,https://www.iow.gov.uk/PlanningObligations/Download.ashx?type=Document&id=28987,,2019-05-01,local-authority-eng:IOW,P/00156/19,2019-05-01,/developer-agreement/local-authority-eng/IOW/P-00156-19-1
P/00164/17-1,section-106,https://www.iow.gov.uk/PlanningObligations/Download.ashx?type=Document&id=39179,,2018-09-11,local-authority-eng:IOW,P/00164/17,2018-09-11,/developer-agreement/local-authority-eng/IOW/P-00164-17-1
P/00165/19-1,section-106,https://www.iow.gov.uk/PlanningObligations/Download.ashx?type=Document&id=30639,,2019-07-03,local-authority-eng:IOW,P/00165/19,2019-10-16,/developer-agreement/local-authority-eng/IOW/P-00165-19-1
P/00173/19-1,section-106,https://www.iow.gov.uk/PlanningObligations/Download.ashx?type=Document&id=28991,,2019-04-23,local-authority-eng:IOW,P/00173/19,2019-04-23,/developer-agreement/local-authority-eng/IOW/P-00173-19-1
P/00210/18-1,section-106,,,2019-06-26,local-authority-eng:IOW,P/00210/18,2019-06-26,/developer-agreement/local-authority-eng/IOW/P-00210-18-1
P/00219/18-1,section-106,https://www.iow.gov.uk/PlanningObligations/Download.ashx?type=Document&id=35966,,2018-07-09,local-authority-eng:IOW,P/00219/18,2018-07-09,/developer-agreement/local-authority-eng/IOW/P-00219-18-1
P/00235/19-1,section-106,https://www.iow.gov.uk/PlanningObligations/Download.ashx?type=Document&id=29070,,2019-06-05,local-authority-eng:IOW,P/00235/19,2019-06-05,/developer-agreement/local-authority-eng/IOW/P-00235-19-1
P/00308/19-1,section-106,https://www.iow.gov.uk/PlanningObligations/Download.ashx?type=Document&id=29008,,2019-05-28,local-authority-eng:IOW,P/00308/19,2019-05-28,/developer-agreement/local-authority-eng/IOW/P-00308-19-1
P/00320/19-1,section-106,https://www.iow.gov.uk/PlanningObligations/Download.ashx?type=Document&id=29084,,2019-06-24,local-authority-eng:IOW,P/00320/19,2019-06-24,/developer-agreement/local-authority-eng/IOW/P-00320-19-1
P/00329/18-1,section-106,https://www.iow.gov.uk/PlanningObligations/Download.ashx?type=Document&id=28974,,2019-04-09,local-authority-eng:IOW,P/00329/18,2019-04-09,/developer-agreement/local-authority-eng/IOW/P-00329-18-1
P/00336/19-1,section-106,https://www.iow.gov.uk/PlanningObligations/Download.ashx?type=Document&id=29082,,2019-06-07,local-authority-eng:IOW,P/00336/19,2019-06-07,/developer-agreement/local-authority-eng/IOW/P-00336-19-1
P/00351/19-1,section-106,https://www.iow.gov.uk/PlanningObligations/Download.ashx?type=Document&id=29007,,2019-06-04,local-authority-eng:IOW,P/00351/19,2019-06-04,/developer-agreement/local-authority-eng/IOW/P-00351-19-1
P/00419/17-1,section-106,https://www.iow.gov.uk/PlanningObligations/Download.ashx?type=Document&id=30659,,2017-05-16,local-authority-eng:IOW,P/00419/17,2017-05-16,/developer-agreement/local-authority-eng/IOW/P-00419-17-1
P/00457/15-1,section-106,,,2015-04-27,local-authority-eng:IOW,P/00457/15,2015-04-27,/developer-agreement/local-authority-eng/IOW/P-00457-15-1
P/00543/18-1,section-106,https://www.iow.gov.uk/PlanningObligations/Download.ashx?type=Document&id=35970,,2018-07-20,local-authority-eng:IOW,P/00543/18,2018-07-20,/developer-agreement/local-authority-eng/IOW/P-00543-18-1
P/00563/06-1,section-106,,,2007-02-26,local-authority-eng:IOW,P/00563/06,2007-02-26,/developer-agreement/local-authority-eng/IOW/P-00563-06-1
P/00601/18-1,section-106,https://www.iow.gov.uk/PlanningObligations/Download.ashx?type=Document&id=35968,,2018-07-12,local-authority-eng:IOW,P/00601/18,2018-07-12,/developer-agreement/local-authority-eng/IOW/P-00601-18-1
P/00638/18-1,section-106,https://www.iow.gov.uk/PlanningObligations/Download.ashx?type=Document&id=30879,,2018-08-07,local-authority-eng:IOW,P/00638/18,2018-08-07,/developer-agreement/local-authority-eng/IOW/P-00638-18-1
P/00712/17-1,section-106,https://www.iow.gov.uk/PlanningObligations/Download.ashx?type=Document&id=35933,,2017-08-11,local-authority-eng:IOW,P/00712/17,2017-08-11,/developer-agreement/local-authority-eng/IOW/P-00712-17-1
P/00735/18-1,section-106,,,2018-12-05,local-authority-eng:IOW,P/00735/18,2018-12-05,/developer-agreement/local-authority-eng/IOW/P-00735-18-1
P/00759/18-1,section-106,https://www.iow.gov.uk/PlanningObligations/Download.ashx?type=Document&id=30621,,2018-09-03,local-authority-eng:IOW,P/00759/18,2018-09-03,/developer-agreement/local-authority-eng/IOW/P-00759-18-1
P/00767/17-1,section-106,https://www.iow.gov.uk/PlanningObligations/Download.ashx?type=Document&id=36081,,2018-05-10,local-authority-eng:IOW,P/00767/17,2018-05-10,/developer-agreement/local-authority-eng/IOW/P-00767-17-1
P/00795/18-1,section-106,https://www.iow.gov.uk/PlanningObligations/Download.ashx?type=Document&id=28982,,2019-04-29,local-authority-eng:IOW,P/00795/18,2019-04-29,/developer-agreement/local-authority-eng/IOW/P-00795-18-1
P/00798/17-1,section-106,https://www.iow.gov.uk/PlanningObligations/Download.ashx?type=Document&id=30693,,2018-01-19,local-authority-eng:IOW,P/00798/17,2018-01-19,/developer-agreement/local-authority-eng/IOW/P-00798-17-1
P/00893/17-1,section-106,https://www.iow.gov.uk/PlanningObligations/Download.ashx?type=Document&id=30882,,2017-09-29,local-authority-eng:IOW,P/00893/17,2017-09-29,/developer-agreement/local-authority-eng/IOW/P-00893-17-1
P/00925/18-1,section-106,https://www.iow.gov.uk/PlanningObligations/Download.ashx?type=Document&id=35875,,2019-01-03,local-authority-eng:IOW,P/00925/18,2019-01-03,/developer-agreement/local-authority-eng/IOW/P-00925-18-1
P/00944/12-1,section-106,,,2014-12-22,local-authority-eng:IOW,P/00944/12,2014-12-22,/developer-agreement/local-authority-eng/IOW/P-00944-12-1
P/00963/18-1,section-106,https://www.iow.gov.uk/PlanningObligations/Download.ashx?type=Document&id=35932,,2018-11-14,local-authority-eng:IOW,P/00963/18,2018-11-14,/developer-agreement/local-authority-eng/IOW/P-00963-18-1
P/00981/18-1,section-106,https://www.iow.gov.uk/PlanningObligations/Download.ashx?type=Document&id=35319,,2019-01-16,local-authority-eng:IOW,P/00981/18,2019-01-16,/developer-agreement/local-authority-eng/IOW/P-00981-18-1
P/01044/13-1,section-106,https://www.iow.gov.uk/PlanningObligations/Download.ashx?type=Document&id=37825,,2014-02-13,local-authority-eng:IOW,P/01044/13,2014-02-13,/developer-agreement/local-authority-eng/IOW/P-01044-13-1
P/01066/17-1,section-106,,,2017-09-25,local-authority-eng:IOW,P/01066/17,2017-09-25,/developer-agreement/local-authority-eng/IOW/P-01066-17-1
P/01185/17-1,section-106,https://www.iow.gov.uk/PlanningObligations/Download.ashx?type=Document&id=35974,,2017-11-20,local-authority-eng:IOW,P/01185/17,2017-11-20,/developer-agreement/local-authority-eng/IOW/P-01185-17-1
P/01187/18-1,section-106,https://www.iow.gov.uk/PlanningObligations/Download.ashx?type=Document&id=30646,,2018-12-11,local-authority-eng:IOW,P/01187/18,2018-12-11,/developer-agreement/local-authority-eng/IOW/P-01187-18-1
P/01279/17-1,section-106,,,2018-04-19,local-authority-eng:IOW,P/01279/17,2018-04-19,/developer-agreement/local-authority-eng/IOW/P-01279-17-1
P/01373/09-1,section-106,,,2010-03-23,local-authority-eng:IOW,P/01373/09,2010-03-23,/developer-agreement/local-authority-eng/IOW/P-01373-09-1
P/01423/17-1,section-106,https://www.iow.gov.uk/PlanningObligations/Download.ashx?type=Document&id=30893,,2018-01-17,local-authority-eng:IOW,P/01423/17,2018-01-17,/developer-agreement/local-authority-eng/IOW/P-01423-17-1
P/01450/18-1,section-106,https://www.iow.gov.uk/PlanningObligations/Download.ashx?type=Document&id=28994,,2019-05-01,local-authority-eng:IOW,P/01450/18,2019-05-01,/developer-agreement/local-authority-eng/IOW/P-01450-18-1
P/01564/17-1,section-106,https://www.iow.gov.uk/PlanningObligations/Download.ashx?type=Document&id=35862,,2018-01-24,local-authority-eng:IOW,P/01564/17,2018-01-24,/developer-agreement/local-authority-eng/IOW/P-01564-17-1
P/01700/07-1,section-106,,,2009-02-13,local-authority-eng:IOW,P/01700/07,2009-02-13,/developer-agreement/local-authority-eng/IOW/P-01700-07-1
P/01836/11-1,section-106,,,2012-03-22,local-authority-eng:IOW,P/01836/11,2012-03-22,/developer-agreement/local-authority-eng/IOW/P-01836-11-1
P/01338/18-1,section-106,https://www.iow.gov.uk/PlanningObligations/Download.ashx?type=Document&id=28975,,2020-12-10,local-authority-eng:IOW,P/01338/18,2019-04-23,/developer-agreement/local-authority-eng/IOW/P-01338-18-1
P/00212/19-1,section-106,https://www.iow.gov.uk/PlanningObligations/Download.ashx?type=Document&id=28976,,2020-12-10,local-authority-eng:IOW,P/00212/19,2019-05-15,/developer-agreement/local-authority-eng/IOW/P-00212-19-1
P/00327/19-2,section-106,https://www.iow.gov.uk/PlanningObligations/Download.ashx?type=Document&id=28993,,2020-12-10,local-authority-eng:IOW,P/00327/19,2019-05-02,/developer-agreement/local-authority-eng/IOW/P-00327-19-2
P/00344/19-1,section-106,https://www.iow.gov.uk/PlanningObligations/Download.ashx?type=Document&id=28988,,2020-12-10,local-authority-eng:IOW,P/00344/19,2019-05-09,/developer-agreement/local-authority-eng/IOW/P-00344-19-1
P/00269/17-1,section-106,https://www.iow.gov.uk/PlanningObligations/Download.ashx?type=Document&id=29006,,2020-12-11,local-authority-eng:IOW,P/00269/17,2019-05-14,/developer-agreement/local-authority-eng/IOW/P-00269-17-1
P/00329/19-1,section-106,https://www.iow.gov.uk/PlanningObligations/Download.ashx?type=Document&id=29011,,2020-12-11,local-authority-eng:IOW,P/00329/19,2020-02-13,/developer-agreement/local-authority-eng/IOW/P-00329-19-1
P/00339/19-1,section-106,https://www.iow.gov.uk/PlanningObligations/Download.ashx?type=Document&id=29013,,2020-12-11,local-authority-eng:IOW,P/00339/19,2019-06-01,/developer-agreement/local-authority-eng/IOW/P-00339-19-1
19/00120/FUL-1,section-106,https://www.iow.gov.uk/PlanningObligations/Download.ashx?type=Document&id=29071,,2020-12-11,local-authority-eng:IOW,19/00120/FUL,2019-06-05,/developer-agreement/local-authority-eng/IOW/19-00120-FUL-1
19/00120/FUL-2,section-106,https://www.iow.gov.uk/PlanningObligations/Download.ashx?type=Document&id=29072,,2020-12-11,local-authority-eng:IOW,19/00120/FUL,2019-06-13,/developer-agreement/local-authority-eng/IOW/19-00120-FUL-2
P/00213/19-1,section-106,https://www.iow.gov.uk/PlanningObligations/Download.ashx?type=Document&id=29081,,2020-12-13,local-authority-eng:IOW,P/00213/19,2019-06-23,/developer-agreement/local-authority-eng/IOW/P-00213-19-1
P/00321/19-1,section-106,https://www.iow.gov.uk/PlanningObligations/Download.ashx?type=Document&id=29083,,2020-12-13,local-authority-eng:IOW,P/00321/19,2019-06-14,/developer-agreement/local-authority-eng/IOW/P-00321-19-1
P/00343/19-1,section-106,https://www.iow.gov.uk/PlanningObligations/Download.ashx?type=Document&id=30226,,2020-12-13,local-authority-eng:IOW,P/00343/19,2019-12-27,/developer-agreement/local-authority-eng/IOW/P-00343-19-1
P/00349/19-1,section-106,https://www.iow.gov.uk/PlanningObligations/Download.ashx?type=Document&id=29085,,2020-12-13,local-authority-eng:IOW,P/00349/19,2019-06-16,/developer-agreement/local-authority-eng/IOW/P-00349-19-1
19/00146/FUL-1,section-106,https://www.iow.gov.uk/PlanningObligations/Download.ashx?type=Document&id=29086,,2020-12-13,local-authority-eng:IOW,19/00146/FUL,2019-06-25,/developer-agreement/local-authority-eng/IOW/19-00146-FUL-1
P/00046/19-1,section-106,https://www.iow.gov.uk/PlanningObligations/Download.ashx?type=Document&id=29087,,2020-12-13,local-authority-eng:IOW,P/00046/19,2019-12-18,/developer-agreement/local-authority-eng/IOW/P-00046-19-1
19/00291/FUL-1,section-106,https://www.iow.gov.uk/PlanningObligations/Download.ashx?type=Document&id=29088,,2020-12-13,local-authority-eng:IOW,19/00291/FUL,2019-08-20,/developer-agreement/local-authority-eng/IOW/19-00291-FUL-1
19/00212/RVC-1,section-106,https://www.iow.gov.uk/PlanningObligations/Download.ashx?type=Document&id=29089,,2020-12-13,local-authority-eng:IOW,19/00212/RVC,2019-06-02,/developer-agreement/local-authority-eng/IOW/19-00212-RVC-1
19/00811/FUL-1,section-106,https://www.iow.gov.uk/PlanningObligations/Download.ashx?type=Document&id=29090,,2020-12-13,local-authority-eng:IOW,19/00811/FUL,2019-10-03,/developer-agreement/local-authority-eng/IOW/19-00811-FUL-1
19/00174/FUL-1,section-106,https://www.iow.gov.uk/PlanningObligations/Download.ashx?type=Document&id=29092,,2020-12-13,local-authority-eng:IOW,19/00174/FUL,2019-07-09,/developer-agreement/local-authority-eng/IOW/19-00174-FUL-1
19/00014/FUL-1,section-106,https://www.iow.gov.uk/PlanningObligations/Download.ashx?type=Document&id=29093,,2020-12-13,local-authority-eng:IOW,19/00014/FUL,2019-08-07,/developer-agreement/local-authority-eng/IOW/19-00014-FUL-1
19/00443/FUL-1,section-106,https://www.iow.gov.uk/PlanningObligations/Download.ashx?type=Document&id=30227,,2020-12-13,local-authority-eng:IOW,19/00443/FUL,2019-11-08,/developer-agreement/local-authority-eng/IOW/19-00443-FUL-1
P/00276/19-1,section-106,https://www.iow.gov.uk/PlanningObligations/Download.ashx?type=Document&id=29171,,2020-12-14,local-authority-eng:IOW,P/00276/19,2019-06-12,/developer-agreement/local-authority-eng/IOW/P-00276-19-1
P/01573/17-1,section-106,https://www.iow.gov.uk/PlanningObligations/Download.ashx?type=Document&id=30228,,2020-12-14,local-authority-eng:IOW,P/01573/17,2019-05-13,/developer-agreement/local-authority-eng/IOW/P-01573-17-1
P/00886/18-1,section-106,https://www.iow.gov.uk/PlanningObligations/Download.ashx?type=Document&id=29173,,2020-12-14,local-authority-eng:IOW,P/00886/18,2019-05-21,/developer-agreement/local-authority-eng/IOW/P-00886-18-1
P/01141/15-1,section-106,https://www.iow.gov.uk/PlanningObligations/Download.ashx?type=Document&id=29174,,2020-12-14,local-authority-eng:IOW,P/01141/15,2019-05-29,/developer-agreement/local-authority-eng/IOW/P-01141-15-1
19/00304/FUL-1,section-106,https://www.iow.gov.uk/PlanningObligations/Download.ashx?type=Document&id=30229,,2020-12-14,local-authority-eng:IOW,19/00304/FUL,2019-08-28,/developer-agreement/local-authority-eng/IOW/19-00304-FUL-1
19/00200/FUL-1,section-106,https://www.iow.gov.uk/PlanningObligations/Download.ashx?type=Document&id=30230,,2020-12-14,local-authority-eng:IOW,19/00200/FUL,2019-10-17,/developer-agreement/local-authority-eng/IOW/19-00200-FUL-1
19/00068/HOU-1,section-106,https://www.iow.gov.uk/PlanningObligations/Download.ashx?type=Document&id=30231,,2020-12-14,local-authority-eng:IOW,19/00068/HOU,2019-07-31,/developer-agreement/local-authority-eng/IOW/19-00068-HOU-1
P/00746/17-1,section-106,https://www.iow.gov.uk/PlanningObligations/Download.ashx?type=Document&id=29183,,2020-12-15,local-authority-eng:IOW,P/00746/17,2019-07-22,/developer-agreement/local-authority-eng/IOW/P-00746-17-1
P/01218/16-1,section-106,https://www.iow.gov.uk/PlanningObligations/Download.ashx?type=Document&id=29211,,2020-12-15,local-authority-eng:IOW,P/01218/16,2019-08-14,/developer-agreement/local-authority-eng/IOW/P-01218-16-1
19/00149/RVC-1,section-106,https://www.iow.gov.uk/PlanningObligations/Download.ashx?type=Document&id=30232,,2020-12-15,local-authority-eng:IOW,19/00149/RVC,2020-02-26,/developer-agreement/local-authority-eng/IOW/19-00149-RVC-1
19/00272/FUL-1,section-106,https://www.iow.gov.uk/PlanningObligations/Download.ashx?type=Document&id=30233,,2020-12-15,local-authority-eng:IOW,19/00272/FUL,2019-12-10,/developer-agreement/local-authority-eng/IOW/19-00272-FUL-1
P/01128/17-1,section-106,https://www.iow.gov.uk/PlanningObligations/Download.ashx?type=Document&id=30241,,2020-12-15,local-authority-eng:IOW,P/01128/17,2020-04-28,/developer-agreement/local-authority-eng/IOW/P-01128-17-1
P/00347/19-1,section-106,https://www.iow.gov.uk/PlanningObligations/Download.ashx?type=Document&id=29222,,2020-12-15,local-authority-eng:IOW,P/00347/19,2019-10-02,/developer-agreement/local-authority-eng/IOW/P-00347-19-1
19/00442/HOU-1,section-106,https://www.iow.gov.uk/PlanningObligations/Download.ashx?type=Document&id=30242,,2020-12-15,local-authority-eng:IOW,19/00442/HOU,2019-09-23,/developer-agreement/local-authority-eng/IOW/19-00442-HOU-1
P/00274/19-1,section-106,https://www.iow.gov.uk/PlanningObligations/Download.ashx?type=Document&id=29232,,2020-12-15,local-authority-eng:IOW,P/00274/19,2019-09-28,/developer-agreement/local-authority-eng/IOW/P-00274-19-1
19/00729/HOU-1,section-106,https://www.iow.gov.uk/PlanningObligations/Download.ashx?type=Document&id=30243,,2020-12-15,local-authority-eng:IOW,19/00729/HOU,2019-10-15,/developer-agreement/local-authority-eng/IOW/19-00729-HOU-1
P/00354/18-1,section-106,https://www.iow.gov.uk/PlanningObligations/Download.ashx?type=Document&id=29239,,2020-12-15,local-authority-eng:IOW,P/00354/18,2019-09-25,/developer-agreement/local-authority-eng/IOW/P-00354-18-1
P/00402/18-1,section-106,https://www.iow.gov.uk/PlanningObligations/Download.ashx?type=Document&id=29254,,2020-12-15,local-authority-eng:IOW,P/00402/18,2019-10-14,/developer-agreement/local-authority-eng/IOW/P-00402-18-1
19/00002/RVC-1,section-106,https://www.iow.gov.uk/PlanningObligations/Download.ashx?type=Document&id=30244,,2020-12-16,local-authority-eng:IOW,19/00002/RVC,2019-11-03,/developer-agreement/local-authority-eng/IOW/19-00002-RVC-1
19/00602/FUL-1,section-106,https://www.iow.gov.uk/PlanningObligations/Download.ashx?type=Document&id=30245,,2020-12-16,local-authority-eng:IOW,19/00602/FUL,2020-05-30,/developer-agreement/local-authority-eng/IOW/19-00602-FUL-1
19/00690/FUL-1,section-106,https://www.iow.gov.uk/PlanningObligations/Download.ashx?type=Document&id=30246,,2020-12-16,local-authority-eng:IOW,19/00690/FUL,2020-02-13,/developer-agreement/local-authority-eng/IOW/19-00690-FUL-1
19/00926/HOU-1,section-106,https://www.iow.gov.uk/PlanningObligations/Download.ashx?type=Document&id=30247,,2020-12-16,local-authority-eng:IOW,19/00926/HOU,2019-11-25,/developer-agreement/local-authority-eng/IOW/19-00926-HOU-1
19/00683/FUL-1,section-106,https://www.iow.gov.uk/PlanningObligations/Download.ashx?type=Document&id=31464,,2020-12-16,local-authority-eng:IOW,19/00683/FUL,2019-11-20,/developer-agreement/local-authority-eng/IOW/19-00683-FUL-1
19/00648/FUL-1,section-106,https://www.iow.gov.uk/PlanningObligations/Download.ashx?type=Document&id=30248,,2020-12-16,local-authority-eng:IOW,19/00648/FUL,2019-11-12,/developer-agreement/local-authority-eng/IOW/19-00648-FUL-1
19/00773/FUL-1,section-106,https://www.iow.gov.uk/PlanningObligations/Download.ashx?type=Document&id=30249,,2020-12-16,local-authority-eng:IOW,19/00773/FUL,2019-12-31,/developer-agreement/local-authority-eng/IOW/19-00773-FUL-1
19/00616/FUL-1,section-106,https://www.iow.gov.uk/PlanningObligations/Download.ashx?type=Document&id=30250,,2020-12-16,local-authority-eng:IOW,19/00616/FUL,2019-11-20,/developer-agreement/local-authority-eng/IOW/19-00616-FUL-1
19/00963/FUL-1,section-106,https://www.iow.gov.uk/PlanningObligations/Download.ashx?type=Document&id=30251,,2020-12-16,local-authority-eng:IOW,19/00963/FUL,2019-12-10,/developer-agreement/local-authority-eng/IOW/19-00963-FUL-1
19/00794/FUL-1,section-106,https://www.iow.gov.uk/PlanningObligations/Download.ashx?type=Document&id=31465,,2020-12-16,local-authority-eng:IOW,19/00794/FUL,2019-11-25,/developer-agreement/local-authority-eng/IOW/19-00794-FUL-1
19/00867/FUL-1,section-106,https://www.iow.gov.uk/PlanningObligations/Download.ashx?type=Document&id=30252,,2020-12-16,local-authority-eng:IOW,19/00867/FUL,2020-02-24,/developer-agreement/local-authority-eng/IOW/19-00867-FUL-1
19/01138/FUL-1,section-106,https://www.iow.gov.uk/PlanningObligations/Download.ashx?type=Document&id=30253,,2020-12-16,local-authority-eng:IOW,19/01138/FUL,2019-11-21,/developer-agreement/local-authority-eng/IOW/19-01138-FUL-1
19/00065/FUL-1,section-106,https://www.iow.gov.uk/PlanningObligations/Download.ashx?type=Document&id=30254,,2020-12-16,local-authority-eng:IOW,19/00065/FUL,2019-11-27,/developer-agreement/local-authority-eng/IOW/19-00065-FUL-1
19/00708/FUL-1,section-106,https://www.iow.gov.uk/PlanningObligations/Download.ashx?type=Document&id=30255,,2020-12-16,local-authority-eng:IOW,19/00708/FUL,2019-11-20,/developer-agreement/local-authority-eng/IOW/19-00708-FUL-1
19/00382/FUL-1,section-106,https://www.iow.gov.uk/PlanningObligations/Download.ashx?type=Document&id=30256,,2020-12-16,local-authority-eng:IOW,19/00382/FUL,2019-11-27,/developer-agreement/local-authority-eng/IOW/19-00382-FUL-1
19/01139/FUL-1,section-106,https://www.iow.gov.uk/PlanningObligations/Download.ashx?type=Document&id=30257,,2020-12-16,local-authority-eng:IOW,19/01139/FUL,2019-12-05,/developer-agreement/local-authority-eng/IOW/19-01139-FUL-1
19/01142/FUL-1,section-106,https://www.iow.gov.uk/PlanningObligations/Download.ashx?type=Document&id=30258,,2020-12-16,local-authority-eng:IOW,19/01142/FUL,2019-12-10,/developer-agreement/local-authority-eng/IOW/19-01142-FUL-1
19/01210/HOU-1,section-106,https://www.iow.gov.uk/PlanningObligations/Download.ashx?type=Document&id=31466,,2020-12-17,local-authority-eng:IOW,19/01210/HOU,2020-05-24,/developer-agreement/local-authority-eng/IOW/19-01210-HOU-1
19/01256/FUL-1,section-106,https://www.iow.gov.uk/PlanningObligations/Download.ashx?type=Document&id=31461,,2020-12-17,local-authority-eng:IOW,19/01256/FUL,2020-05-13,/developer-agreement/local-authority-eng/IOW/19-01256-FUL-1
19/01420/FUL-1,section-106,https://www.iow.gov.uk/PlanningObligations/Download.ashx?type=Document&id=31462,,2020-12-17,local-authority-eng:IOW,19/01420/FUL,2020-01-06,/developer-agreement/local-authority-eng/IOW/19-01420-FUL-1
19/00732/RVC-1,section-106,https://www.iow.gov.uk/PlanningObligations/Download.ashx?type=Document&id=31478,,2020-12-17,local-authority-eng:IOW,19/00732/RVC,2019-12-16,/developer-agreement/local-authority-eng/IOW/19-00732-RVC-1
19/01333/FUL-1,section-106,https://www.iow.gov.uk/PlanningObligations/Download.ashx?type=Document&id=31463,,2020-12-17,local-authority-eng:IOW,19/01333/FUL,2020-01-16,/developer-agreement/local-authority-eng/IOW/19-01333-FUL-1
19/01374/OUT-1,section-106,https://www.iow.gov.uk/PlanningObligations/Download.ashx?type=Document&id=30700,,2020-12-17,local-authority-eng:IOW,19/01374/OUT,2020-01-14,/developer-agreement/local-authority-eng/IOW/19-01374-OUT-1
19/01217/FUL-1,section-106,https://www.iow.gov.uk/PlanningObligations/Download.ashx?type=Document&id=30701,,2020-12-17,local-authority-eng:IOW,19/01217/FUL,2020-01-13,/developer-agreement/local-authority-eng/IOW/19-01217-FUL-1
19/00762/FUL-1,section-106,,,2020-12-17,local-authority-eng:IOW,19/00762/FUL,2020-07-07,/developer-agreement/local-authority-eng/IOW/19-00762-FUL-1
19/01301/RVC-1,section-106,https://www.iow.gov.uk/PlanningObligations/Download.ashx?type=Document&id=31467,,2020-12-22,local-authority-eng:IOW,19/01301/RVC,2020-02-25,/developer-agreement/local-authority-eng/IOW/19-01301-RVC-1
19/01486/HOU-1,section-106,https://www.iow.gov.uk/PlanningObligations/Download.ashx?type=Document&id=31468,,2020-12-22,local-authority-eng:IOW,19/01486/HOU,2020-01-15,/developer-agreement/local-authority-eng/IOW/19-01486-HOU-1
19/01665/FUL-1,section-106,https://www.iow.gov.uk/PlanningObligations/Download.ashx?type=Document&id=30455,,2020-12-22,local-authority-eng:IOW,19/01665/FUL,2020-01-22,/developer-agreement/local-authority-eng/IOW/19-01665-FUL-1
19/01429/FUL-1,section-106,https://www.iow.gov.uk/PlanningObligations/Download.ashx?type=Document&id=30456,,2020-12-22,local-authority-eng:IOW,19/01429/FUL,2020-01-22,/developer-agreement/local-authority-eng/IOW/19-01429-FUL-1
19/01523/FUL-1,section-106,https://www.iow.gov.uk/PlanningObligations/Download.ashx?type=Document&id=31476,,2020-12-22,local-authority-eng:IOW,19/01523/FUL,2020-02-06,/developer-agreement/local-authority-eng/IOW/19-01523-FUL-1
19/01604/FUL-1,section-106,https://www.iow.gov.uk/PlanningObligations/Download.ashx?type=Document&id=30457,,2020-12-22,local-authority-eng:IOW,19/01604/FUL,2020-02-01,/developer-agreement/local-authority-eng/IOW/19-01604-FUL-1
19/01422/FUL-1,section-106,https://www.iow.gov.uk/PlanningObligations/Download.ashx?type=Document&id=30468,,2020-12-22,local-authority-eng:IOW,19/01422/FUL,2020-02-18,/developer-agreement/local-authority-eng/IOW/19-01422-FUL-1
19/01485/FUL-1,section-106,https://www.iow.gov.uk/PlanningObligations/Download.ashx?type=Document&id=30469,,2020-12-22,local-authority-eng:IOW,19/01485/FUL,2020-02-21,/developer-agreement/local-authority-eng/IOW/19-01485-FUL-1
19/01635/FUL-1,section-106,https://www.iow.gov.uk/PlanningObligations/Download.ashx?type=Document&id=30470,,2020-12-22,local-authority-eng:IOW,19/01635/FUL,2020-02-13,/developer-agreement/local-authority-eng/IOW/19-01635-FUL-1
19/01542/FUL-1,section-106,https://www.iow.gov.uk/PlanningObligations/Download.ashx?type=Document&id=31475,,2020-12-22,local-authority-eng:IOW,19/01542/FUL,2020-04-03,/developer-agreement/local-authority-eng/IOW/19-01542-FUL-1
19/01440/FUL-1,section-106,https://www.iow.gov.uk/PlanningObligations/Download.ashx?type=Document&id=30471,,2020-12-22,local-authority-eng:IOW,19/01440/FUL,2020-03-05,/developer-agreement/local-authority-eng/IOW/19-01440-FUL-1
19/00080/FUL-1,section-106,https://www.iow.gov.uk/PlanningObligations/Download.ashx?type=Document&id=30473,,2020-12-22,local-authority-eng:IOW,19/00080/FUL,2019-12-23,/developer-agreement/local-authority-eng/IOW/19-00080-FUL-1
20/00059/FUL-1,section-106,https://www.iow.gov.uk/PlanningObligations/Download.ashx?type=Document&id=31473,,2020-12-22,local-authority-eng:IOW,20/00059/FUL,2020-04-16,/developer-agreement/local-authority-eng/IOW/20-00059-FUL-1
20/00160/FUL-1,section-106,https://www.iow.gov.uk/PlanningObligations/Download.ashx?type=Document&id=30474,,2020-12-22,local-authority-eng:IOW,20/00160/FUL,2020-03-05,/developer-agreement/local-authority-eng/IOW/20-00160-FUL-1
P/00657/18-1,section-106,https://www.iow.gov.uk/PlanningObligations/Download.ashx?type=Document&id=30475,,2020-12-22,local-authority-eng:IOW,P/00657/18,2020-12-09,/developer-agreement/local-authority-eng/IOW/P-00657-18-1
20/00167/FUL-1,section-106,https://www.iow.gov.uk/PlanningObligations/Download.ashx?type=Document&id=30476,,2020-12-22,local-authority-eng:IOW,20/00167/FUL,2020-03-18,/developer-agreement/local-authority-eng/IOW/20-00167-FUL-1
20/00027/FUL-1,section-106,https://www.iow.gov.uk/PlanningObligations/Download.ashx?type=Document&id=31474,,2020-12-22,local-authority-eng:IOW,20/00027/FUL,2020-03-11,/developer-agreement/local-authority-eng/IOW/20-00027-FUL-1
20/00301/HOU-1,section-106,https://www.iow.gov.uk/PlanningObligations/Download.ashx?type=Document&id=30477,,2020-12-22,local-authority-eng:IOW,20/00301/HOU,2020-04-24,/developer-agreement/local-authority-eng/IOW/20-00301-HOU-1
19/01092/FUL-1,section-106,https://www.iow.gov.uk/PlanningObligations/Download.ashx?type=Document&id=30478,,2020-12-22,local-authority-eng:IOW,19/01092/FUL,2020-03-02,/developer-agreement/local-authority-eng/IOW/19-01092-FUL-1
20/00054/RVC-1,section-106,https://www.iow.gov.uk/PlanningObligations/Download.ashx?type=Document&id=30479,,2020-12-22,local-authority-eng:IOW,20/00054/RVC,2020-03-05,/developer-agreement/local-authority-eng/IOW/20-00054-RVC-1
P/00070/19-1,section-106,https://www.iow.gov.uk/PlanningObligations/Download.ashx?type=Document&id=30480,,2020-12-22,local-authority-eng:IOW,P/00070/19,2020-03-04,/developer-agreement/local-authority-eng/IOW/P-00070-19-1
19/00803/RVC-1,section-106,https://www.iow.gov.uk/PlanningObligations/Download.ashx?type=Document&id=30533,,2020-12-23,local-authority-eng:IOW,19/00803/RVC,2019-11-25,/developer-agreement/local-authority-eng/IOW/19-00803-RVC-1
P/01361/18-1,section-106,https://www.iow.gov.uk/PlanningObligations/Download.ashx?type=Document&id=30545,,2020-12-23,local-authority-eng:IOW,P/01361/18,2020-02-05,/developer-agreement/local-authority-eng/IOW/P-01361-18-1
19/01650/FUL-1,section-106,https://www.iow.gov.uk/PlanningObligations/Download.ashx?type=Document&id=30554,,2020-12-23,local-authority-eng:IOW,19/01650/FUL,2020-03-09,/developer-agreement/local-authority-eng/IOW/19-01650-FUL-1
19/01574/FUL-1,section-106,https://www.iow.gov.uk/PlanningObligations/Download.ashx?type=Document&id=30556,,2020-12-23,local-authority-eng:IOW,19/01574/FUL,2020-03-18,/developer-agreement/local-authority-eng/IOW/19-01574-FUL-1
19/01172/FUL-1,section-106,https://www.iow.gov.uk/PlanningObligations/Download.ashx?type=Document&id=30605,,2020-12-23,local-authority-eng:IOW,19/01172/FUL,2020-03-18,/developer-agreement/local-authority-eng/IOW/19-01172-FUL-1
20/00354/FUL-1,section-106,https://www.iow.gov.uk/PlanningObligations/Download.ashx?type=Document&id=31480,,2020-12-23,local-authority-eng:IOW,20/00354/FUL,2020-04-18,/developer-agreement/local-authority-eng/IOW/20-00354-FUL-1
19/01644/FUL-1,section-106,https://www.iow.gov.uk/PlanningObligations/Download.ashx?type=Document&id=30607,,2020-12-23,local-authority-eng:IOW,19/01644/FUL,2020-04-28,/developer-agreement/local-authority-eng/IOW/19-01644-FUL-1
19/01255/FUL-1,section-106,https://www.iow.gov.uk/PlanningObligations/Download.ashx?type=Document&id=30612,,2020-12-23,local-authority-eng:IOW,19/01255/FUL,2020-04-20,/developer-agreement/local-authority-eng/IOW/19-01255-FUL-1
20/00263/FUL-1,section-106,https://www.iow.gov.uk/PlanningObligations/Download.ashx?type=Document&id=30613,,2020-12-23,local-authority-eng:IOW,20/00263/FUL,2020-03-31,/developer-agreement/local-authority-eng/IOW/20-00263-FUL-1
20/00428/FUL-1,section-106,https://www.iow.gov.uk/PlanningObligations/Download.ashx?type=Document&id=30614,,2020-12-23,local-authority-eng:IOW,20/00428/FUL,2020-07-03,/developer-agreement/local-authority-eng/IOW/20-00428-FUL-1
20/00461/FUL-1,section-106,https://www.iow.gov.uk/PlanningObligations/Download.ashx?type=Document&id=30615,,2020-12-23,local-authority-eng:IOW,20/00461/FUL,2020-04-03,/developer-agreement/local-authority-eng/IOW/20-00461-FUL-1
19/01482/FUL-1,section-106,https://www.iow.gov.uk/PlanningObligations/Download.ashx?type=Document&id=31477,,2020-12-23,local-authority-eng:IOW,19/01482/FUL,2020-02-13,/developer-agreement/local-authority-eng/IOW/19-01482-FUL-1
19/00362/RVC-1,section-106,https://www.iow.gov.uk/PlanningObligations/Download.ashx?type=Document&id=30620,,2020-12-23,local-authority-eng:IOW,19/00362/RVC,2019-08-18,/developer-agreement/local-authority-eng/IOW/19-00362-RVC-1
19/00680/FUL-1,section-106,https://www.iow.gov.uk/PlanningObligations/Download.ashx?type=Document&id=30633,,2020-12-23,local-authority-eng:IOW,19/00680/FUL,2019-09-20,/developer-agreement/local-authority-eng/IOW/19-00680-FUL-1
P/00380/18-1,section-106,https://www.iow.gov.uk/PlanningObligations/Download.ashx?type=Document&id=30635,,2020-12-23,local-authority-eng:IOW,P/00380/18,2018-10-04,/developer-agreement/local-authority-eng/IOW/P-00380-18-1
19/00612/FUL-1,section-106,https://www.iow.gov.uk/PlanningObligations/Download.ashx?type=Document&id=30636,,2020-12-23,local-authority-eng:IOW,19/00612/FUL,2019-10-16,/developer-agreement/local-authority-eng/IOW/19-00612-FUL-1
P/00633/17-2,section-106,https://www.iow.gov.uk/PlanningObligations/Download.ashx?type=Document&id=30637,,2020-12-23,local-authority-eng:IOW,P/00633/17,2019-11-04,/developer-agreement/local-authority-eng/IOW/P-00633-17-2
19/00589/FUL-1,section-106,https://www.iow.gov.uk/PlanningObligations/Download.ashx?type=Document&id=30638,,2020-12-23,local-authority-eng:IOW,19/00589/FUL,2019-10-07,/developer-agreement/local-authority-eng/IOW/19-00589-FUL-1
P/00165/19-2,section-106,https://www.iow.gov.uk/PlanningObligations/Download.ashx?type=Document&id=31479,,2020-12-23,local-authority-eng:IOW,P/00165/19,2019-07-03,/developer-agreement/local-authority-eng/IOW/P-00165-19-2
P/00977/18-1,section-106,https://www.iow.gov.uk/PlanningObligations/Download.ashx?type=Document&id=30645,,2020-12-24,local-authority-eng:IOW,P/00977/18,2018-11-20,/developer-agreement/local-authority-eng/IOW/P-00977-18-1
19/00678/FUL-1,section-106,https://www.iow.gov.uk/PlanningObligations/Download.ashx?type=Document&id=30655,,2020-12-24,local-authority-eng:IOW,19/00678/FUL,2020-01-14,/developer-agreement/local-authority-eng/IOW/19-00678-FUL-1
19/00934/FUL-1,section-106,https://www.iow.gov.uk/PlanningObligations/Download.ashx?type=Document&id=30658,,2020-12-24,local-authority-eng:IOW,19/00934/FUL,2020-01-30,/developer-agreement/local-authority-eng/IOW/19-00934-FUL-1
20/00453/OUT-1,section-106,https://www.iow.gov.uk/PlanningObligations/Download.ashx?type=Document&id=30661,,2020-12-24,local-authority-eng:IOW,20/00453/OUT,2020-05-05,/developer-agreement/local-authority-eng/IOW/20-00453-OUT-1
P/00197/11-1,section-106,https://www.iow.gov.uk/PlanningObligations/Download.ashx?type=Document&id=30899,,2020-12-30,local-authority-eng:IOW,P/00197/11,2012-02-01,/developer-agreement/local-authority-eng/IOW/P-00197-11-1
20/01927/OUT-1,section-106,,,2021-01-13,local-authority-eng:IOW,20/01927/OUT,2021-01-06,/developer-agreement/local-authority-eng/IOW/20-01927-OUT-1
20/02218/OUT-1,section-106,,,2021-01-26,local-authority-eng:IOW,20/02218/OUT,2021-01-16,/developer-agreement/local-authority-eng/IOW/20-02218-OUT-1
20/01915/FUL-1,section-106,https://www.iow.gov.uk/PlanningObligations/Download.ashx?type=Document&id=35105,,2021-02-04,local-authority-eng:IOW,20/01915/FUL,2021-01-15,/developer-agreement/local-authority-eng/IOW/20-01915-FUL-1
19/01228/RVC-1,section-106,,,2021-02-17,local-authority-eng:IOW,19/01228/RVC,2020-06-09,/developer-agreement/local-authority-eng/IOW/19-01228-RVC-1
P/00735/18-2,section-106,https://www.iow.gov.uk/PlanningObligations/Download.ashx?type=Document&id=35967,,2021-02-19,local-authority-eng:IOW,P/00735/18,2020-11-16,/developer-agreement/local-authority-eng/IOW/P-00735-18-2
20/01894/RVC-1,section-106,https://www.iow.gov.uk/PlanningObligations/Download.ashx?type=Document&id=37574,,2021-03-17,local-authority-eng:IOW,20/01894/RVC,2020-12-18,/developer-agreement/local-authority-eng/IOW/20-01894-RVC-1
P/00252/19-1,section-106,,,2021-03-20,local-authority-eng:IOW,P/00252/19,2019-09-18,/developer-agreement/local-authority-eng/IOW/P-00252-19-1
20/01342/FUL-1,section-106,https://www.iow.gov.uk/PlanningObligations/Download.ashx?type=Document&id=38064,,2021-03-23,local-authority-eng:IOW,20/01342/FUL,2020-11-04,/developer-agreement/local-authority-eng/IOW/20-01342-FUL-1
21/00123/FUL-1,section-106,https://www.iow.gov.uk/PlanningObligations/Download.ashx?type=Document&id=38576,,2021-03-29,local-authority-eng:IOW,21/00123/FUL,2021-03-07,/developer-agreement/local-authority-eng/IOW/21-00123-FUL-1
20/01521/FUL-1,section-106,,,2021-03-29,local-authority-eng:IOW,20/01521/FUL,2021-02-05,/developer-agreement/local-authority-eng/IOW/20-01521-FUL-1
20/02041/FUL-1,section-106,https://www.iow.gov.uk/PlanningObligations/Download.ashx?type=Document&id=38624,,2021-03-30,local-authority-eng:IOW,20/02041/FUL,2021-01-15,/developer-agreement/local-authority-eng/IOW/20-02041-FUL-1
21/00424/RVC-1,section-106,https://www.iow.gov.uk/PlanningObligations/Download.ashx?type=Document&id=41515,,2021-05-13,local-authority-eng:IOW,21/00424/RVC,2021-04-29,/developer-agreement/local-authority-eng/IOW/21-00424-RVC-1
20/02235/FUL-1,section-106,https://www.iow.gov.uk/PlanningObligations/Download.ashx?type=Document&id=41542,,2021-05-13,local-authority-eng:IOW,20/02235/FUL,2021-04-13,/developer-agreement/local-authority-eng/IOW/20-02235-FUL-1
20/00412/FUL-1,section-106,https://www.iow.gov.uk/PlanningObligations/Download.ashx?type=Document&id=43094,,2021-06-03,local-authority-eng:IOW,20/00412/FUL,2020-07-17,/developer-agreement/local-authority-eng/IOW/20-00412-FUL-1
